branco1_EX_390.00,,branco1_EX_393.00,,branco1_EX_396.00,,branco1_EX_399.00,,branco1_EX_402.00,,branco1_EX_405.00,,branco1_EX_408.00,,branco1_EX_411.00,,branco1_EX_414.00,,branco1_EX_417.00,,branco1_EX_420.00,,branco1_EX_423.00,,branco1_EX_426.00,,branco1_EX_429.00,,branco1_EX_432.00,,branco1_EX_435.00,,branco1_EX_438.00,,branco1_EX_441.00,,branco1_EX_444.00,,branco1_EX_447.00,,branco1_EX_450.00,,branco1_EX_453.00,,branco1_EX_456.00,,branco1_EX_459.00,,branco1_EX_462.00,,branco1_EX_465.00,,branco1_EX_468.00,,branco1_EX_471.00,,branco1_EX_474.00,,branco1_EX_477.00,,branco1_EX_480.00,,
Wavelength (nm),Intensity (a.u.),Wavelength (nm),Intensity (a.u.),Wavelength (nm),Intensity (a.u.),Wavelength (nm),Intensity (a.u.),Wavelength (nm),Intensity (a.u.),Wavelength (nm),Intensity (a.u.),Wavelength (nm),Intensity (a.u.),Wavelength (nm),Intensity (a.u.),Wavelength (nm),Intensity (a.u.),Wavelength (nm),Intensity (a.u.),Wavelength (nm),Intensity (a.u.),Wavelength (nm),Intensity (a.u.),Wavelength (nm),Intensity (a.u.),Wavelength (nm),Intensity (a.u.),Wavelength (nm),Intensity (a.u.),Wavelength (nm),Intensity (a.u.),Wavelength (nm),Intensity (a.u.),Wavelength (nm),Intensity (a.u.),Wavelength (nm),Intensity (a.u.),Wavelength (nm),Intensity (a.u.),Wavelength (nm),Intensity (a.u.),Wavelength (nm),Intensity (a.u.),Wavelength (nm),Intensity (a.u.),Wavelength (nm),Intensity (a.u.),Wavelength (nm),Intensity (a.u.),Wavelength (nm),Intensity (a.u.),Wavelength (nm),Intensity (a.u.),Wavelength (nm),Intensity (a.u.),Wavelength (nm),Intensity (a.u.),Wavelength (nm),Intensity (a.u.),Wavelength (nm),Intensity (a.u.),
614.9199829,0.2394529879,614.9199829,0.3009591103,614.9199829,0.09313675761,614.9199829,0.1804594249,614.9199829,0.208310768,614.9199829,0.2112807631,614.9199829,0.2427755296,614.9199829,0.1707143188,614.9199829,0.183656022,614.9199829,0.2052075863,614.9199829,0.2021093816,614.9199829,0.1284905076,614.9199829,0.1710009426,614.9199829,0.1890295446,614.9199829,0.231539309,614.9199829,0.1223272681,614.9199829,0.1996715367,614.9199829,0.2311996222,614.9199829,0.1135759056,614.9199829,0.1030028015,614.9199829,0.1922143102,614.9199829,0.16927737,614.9199829,0.1825620085,614.9199829,0.1266259998,614.9199829,0.2067361474,614.9199829,0.1644360572,614.9199829,0.1443140209,614.9199829,0.09719633311,614.9199829,0.2155899704,614.9199829,0.09083724767,614.9199829,0.1955703348,
616.9500122,0.2144657224,616.9500122,0.2539582551,616.9500122,0.1732515991,616.9500122,0.06586747617,616.9500122,0.1866301745,616.9500122,0.204951033,616.9500122,0.060267739,616.9500122,0.2261882126,616.9500122,0.1912173033,616.9500122,0.2304846793,616.9500122,0.1364178509,616.9500122,0.1480165869,616.9500122,0.1736127883,616.9500122,0.1590370387,616.9500122,0.2170066386,616.9500122,0.1990212202,616.9500122,0.1941100061,616.9500122,0.1184181198,616.9500122,0.1563944668,616.9500122,0.1421816051,616.9500122,0.1164529398,616.9500122,0.1883416623,616.9500122,0.1439236104,616.9500122,0.1922406852,616.9500122,0.1628219336,616.9500122,0.1157097742,616.9500122,0.136474058,616.9500122,0.1986131668,616.9500122,0.1428830028,616.9500122,0.2633158863,616.9500122,0.09466029704,
618.8400269,0.2180925906,618.8400269,0.3021382689,618.8400269,0.1519500166,618.8400269,0.275883466,618.8400269,0.2247696072,618.8400269,0.1460632384,618.8400269,0.08794996887,618.8400269,0.1487178355,618.8400269,0.1625055373,618.8400269,0.1706937701,618.8400269,0.09178481996,618.8400269,0.1919841021,618.8400269,0.151622951,618.8400269,0.1758078635,618.8400269,0.1773373038,618.8400269,0.2159754336,618.8400269,0.1538293511,618.8400269,0.1349357814,618.8400269,0.167634055,618.8400269,0.1607751846,618.8400269,0.1802505404,618.8400269,0.1698869765,618.8400269,0.07322163135,618.8400269,0.1749814153,618.8400269,0.2115046829,618.8400269,0.1491964608,618.8400269,0.1805465072,618.8400269,0.2391285151,618.8400269,0.06293606013,618.8400269,0.1617817581,618.8400269,0.1275683045,
620.8599854,0.2368265241,620.8599854,0.1700522602,620.8599854,0.2184226364,620.8599854,0.3117044866,620.8599854,0.07619499415,620.8599854,0.1973943859,620.8599854,0.149520427,620.8599854,0.1606378853,620.8599854,0.09183904529,620.8599854,0.1753802299,620.8599854,0.1465232223,620.8599854,0.1886422187,620.8599854,0.1243840978,620.8599854,0.1520421207,620.8599854,0.1377073228,620.8599854,0.1587923914,620.8599854,0.132656455,620.8599854,0.2129814476,620.8599854,0.174858883,620.8599854,0.1928011775,620.8599854,0.2181421518,620.8599854,0.1356077641,620.8599854,0.1185854599,620.8599854,0.1836014241,620.8599854,0.1395784765,620.8599854,0.1390820593,620.8599854,0.1709568799,620.8599854,0.1648804545,620.8599854,0.1245230362,620.8599854,0.1577755511,620.8599854,0.1514294147,
622.8900146,0.1622089148,622.8900146,0.1825136095,622.8900146,0.1694168597,622.8900146,0.18395558,622.8900146,0.2096875757,622.8900146,0.1980665624,622.8900146,0.1463081539,622.8900146,0.1056531966,622.8900146,0.09569729865,622.8900146,0.1111189127,622.8900146,0.1333572417,622.8900146,0.093729496,622.8900146,0.07587768883,622.8900146,0.1507277191,622.8900146,0.1395572424,622.8900146,0.1694484353,622.8900146,0.1287976801,622.8900146,0.2019376606,622.8900146,0.1200690866,622.8900146,0.08569134772,622.8900146,0.1411904991,622.8900146,0.1514131874,622.8900146,0.2032216638,622.8900146,0.1482693553,622.8900146,0.1506607533,622.8900146,0.1324006468,622.8900146,0.2009747326,622.8900146,0.07105372846,622.8900146,0.1094990447,622.8900146,0.1681029052,622.8900146,0.1810688227,
624.9199829,0.1295216978,624.9199829,0.1616984755,624.9199829,0.09816352278,624.9199829,0.2658419609,624.9199829,0.2165627182,624.9199829,0.2219115347,624.9199829,0.2190225124,624.9199829,0.1712699085,624.9199829,0.1885437965,624.9199829,0.1345202327,624.9199829,0.1339071244,624.9199829,0.1465917379,624.9199829,0.1088034064,624.9199829,0.147963509,624.9199829,0.191481337,624.9199829,0.1856553853,624.9199829,0.128753975,624.9199829,0.06681276113,624.9199829,0.07240081578,624.9199829,0.0841370672,624.9199829,0.1332260668,624.9199829,0.1924361289,624.9199829,0.1881609261,624.9199829,0.1655884385,624.9199829,0.2056512982,624.9199829,0.1655748338,624.9199829,0.1745837778,624.9199829,0.1158521324,624.9199829,0.08473219723,624.9199829,0.2935890853,624.9199829,0.1482384354,
626.9500122,0.1877352595,626.9500122,0.1913779974,626.9500122,0.2392026484,626.9500122,0.06921612471,626.9500122,0.1466550529,626.9500122,0.2499394119,626.9500122,0.1555133611,626.9500122,0.1856277734,626.9500122,0.1362518519,626.9500122,0.1075294465,626.9500122,0.1875428855,626.9500122,0.1374889016,626.9500122,0.1295392662,626.9500122,0.1042797342,626.9500122,0.2274401039,626.9500122,0.1536979675,626.9500122,0.1314782947,626.9500122,0.1172855422,626.9500122,0.1290144324,626.9500122,0.09474482387,626.9500122,0.1356759965,626.9500122,0.1713189334,626.9500122,0.0894363001,626.9500122,0.2418184727,626.9500122,0.1608109623,626.9500122,0.1275328398,626.9500122,0.1064561605,626.9500122,0.06768991798,626.9500122,0.115357995,626.9500122,0.1799726486,626.9500122,0.241136089,
628.8400269,0.209454596,628.8400269,0.2624435127,628.8400269,0.1551924795,628.8400269,0.1193032637,628.8400269,0.206650719,628.8400269,0.04692595825,628.8400269,0.09940206259,628.8400269,0.06374045461,628.8400269,0.116509378,628.8400269,0.08840481937,628.8400269,0.1535444558,628.8400269,0.1571808606,628.8400269,0.1714076549,628.8400269,0.1332121789,628.8400269,0.1200545654,628.8400269,0.1296936125,628.8400269,0.1254475713,628.8400269,0.1574103236,628.8400269,0.1313917637,628.8400269,0.14489232,628.8400269,0.1594197154,628.8400269,0.1286436915,628.8400269,0.1573429108,628.8400269,0.1648023427,628.8400269,0.1820565015,628.8400269,0.1749003381,628.8400269,0.229973793,628.8400269,0.1987470388,628.8400269,0.1488302797,628.8400269,0.1825700402,628.8400269,0.1394871771,
630.8599854,0.1558760703,630.8599854,0.1725753099,630.8599854,0.1861204952,630.8599854,0.1514490098,630.8599854,0.1090942696,630.8599854,0.2160293758,630.8599854,0.2205756158,630.8599854,0.169874981,630.8599854,0.1350534856,630.8599854,0.1231426001,630.8599854,0.1420239806,630.8599854,0.1500640661,630.8599854,0.09982439876,630.8599854,0.140869692,630.8599854,0.1035112068,630.8599854,0.1699626595,630.8599854,0.1472783983,630.8599854,0.1706415713,630.8599854,0.09573362768,630.8599854,0.1272912472,630.8599854,0.1050803587,630.8599854,0.06949431449,630.8599854,0.1282466203,630.8599854,0.1723338813,630.8599854,0.08018504083,630.8599854,0.225235045,630.8599854,0.1288006306,630.8599854,0.07926023751,630.8599854,0.1356606632,630.8599854,0.08506616205,630.8599854,0.2449539602,
632.8900146,0.2222489715,632.8900146,0.1476886719,632.8900146,0.1122975126,632.8900146,0.06329400092,632.8900146,0.1005659178,632.8900146,0.1230103076,632.8900146,0.2086142749,632.8900146,0.1892381161,632.8900146,0.1524527669,632.8900146,0.1274937093,632.8900146,0.1296970397,632.8900146,0.1244143769,632.8900146,0.1354694963,632.8900146,0.09063155949,632.8900146,0.1904673725,632.8900146,0.1354074925,632.8900146,0.1408393979,632.8900146,0.1447031349,632.8900146,0.178736642,632.8900146,0.139470011,632.8900146,0.1515603065,632.8900146,0.2178311944,632.8900146,0.1853713542,632.8900146,0.1399971992,632.8900146,0.04177857563,632.8900146,0.1154734418,632.8900146,0.09600153565,632.8900146,0.1214877069,632.8900146,0.1159378961,632.8900146,0.09497668594,632.8900146,0.09029123187,
634.9199829,0.1778172851,634.9199829,0.1864770353,634.9199829,0.1178422198,634.9199829,0.14053455,634.9199829,0.2512626052,634.9199829,0.1667061448,634.9199829,0.07825215906,634.9199829,0.1380198747,634.9199829,0.1527257562,634.9199829,0.1883056164,634.9199829,0.1651638299,634.9199829,0.1457765102,634.9199829,0.06121025234,634.9199829,0.1485972404,634.9199829,0.1795752198,634.9199829,0.1213874072,634.9199829,0.1222680733,634.9199829,0.1411352903,634.9199829,0.07620644569,634.9199829,0.1159756407,634.9199829,0.1199679449,634.9199829,0.1571165025,634.9199829,0.1980754733,634.9199829,0.1041361615,634.9199829,0.2123251855,634.9199829,0.1328148693,634.9199829,0.1677302867,634.9199829,0.02606225386,634.9199829,0.1326611787,634.9199829,0.1512828767,634.9199829,0.1146274135,
636.9500122,0.1704868376,636.9500122,0.1883127093,636.9500122,0.1810154915,636.9500122,0.1470736861,636.9500122,0.1308626533,636.9500122,0.1975653917,636.9500122,0.1425427943,636.9500122,0.1786073148,636.9500122,0.2048977613,636.9500122,0.2451938689,636.9500122,0.1123316735,636.9500122,0.1584857851,636.9500122,0.142091006,636.9500122,0.129354462,636.9500122,0.1194493398,636.9500122,0.1866835952,636.9500122,0.107492201,636.9500122,0.1466856301,636.9500122,0.1886644959,636.9500122,0.170833841,636.9500122,0.1549527347,636.9500122,0.2413418591,636.9500122,0.177373901,636.9500122,0.07454620302,636.9500122,0.1091508567,636.9500122,0.1480433494,636.9500122,0.03972604871,636.9500122,0.14473176,636.9500122,0.1213614866,636.9500122,0.2082564235,636.9500122,0.1480689347,
638.8400269,0.1814292818,638.8400269,0.1018971354,638.8400269,0.1801029146,638.8400269,0.1103529409,638.8400269,0.1128756329,638.8400269,0.1844578832,638.8400269,0.2049051076,638.8400269,0.1630071551,638.8400269,0.1707905531,638.8400269,0.1825100034,638.8400269,0.1363459378,638.8400269,0.2182641923,638.8400269,0.2415181696,638.8400269,0.1282512993,638.8400269,0.2048835903,638.8400269,0.1886395961,638.8400269,0.1652106494,638.8400269,0.1124069095,638.8400269,0.2155990601,638.8400269,0.08002702892,638.8400269,0.1827105135,638.8400269,0.1511092037,638.8400269,0.2099867314,638.8400269,0.07488443702,638.8400269,0.1202301607,638.8400269,0.07158651948,638.8400269,0.0961677134,638.8400269,0.1018744856,638.8400269,0.09159270674,638.8400269,0.09379895031,638.8400269,0.1665389836,
640.8599854,0.1151097268,640.8599854,0.282769084,640.8599854,0.2546516359,640.8599854,0.2067713141,640.8599854,0.2467569113,640.8599854,0.1664183587,640.8599854,0.1932600588,640.8599854,0.08604679257,640.8599854,0.1782185882,640.8599854,0.1465519369,640.8599854,0.1617928743,640.8599854,0.1680074632,640.8599854,0.1776044816,640.8599854,0.1471045017,640.8599854,0.2063535154,640.8599854,0.1499723345,640.8599854,0.1633703411,640.8599854,0.2153296322,640.8599854,0.1793882847,640.8599854,0.1529441774,640.8599854,0.1360599101,640.8599854,0.225910157,640.8599854,0.1050075442,640.8599854,0.1566088945,640.8599854,0.09957651049,640.8599854,0.1920066178,640.8599854,0.1029053628,640.8599854,0.2428385913,640.8599854,0.08479686081,640.8599854,-0.03137451783,640.8599854,0.1495438963,
642.8900146,0.2468057573,642.8900146,0.225004971,642.8900146,0.2583833337,642.8900146,0.1695096791,642.8900146,0.2544960976,642.8900146,0.2075394839,642.8900146,0.2270167321,642.8900146,0.188517049,642.8900146,0.1534022391,642.8900146,0.231233567,642.8900146,0.1797235012,642.8900146,0.203783989,642.8900146,0.1339278668,642.8900146,0.220159784,642.8900146,0.235057801,642.8900146,0.2344470471,642.8900146,0.2616220415,642.8900146,0.1518365294,642.8900146,0.2176298797,642.8900146,0.1863923818,642.8900146,0.1766180545,642.8900146,0.1425459981,642.8900146,0.2134209573,642.8900146,0.208270669,642.8900146,0.1702497452,642.8900146,0.181695953,642.8900146,0.1794840395,642.8900146,0.1598806232,642.8900146,0.1796400398,642.8900146,0.01885494031,642.8900146,0.07444477081,
644.9199829,0.1611251086,644.9199829,0.2066149861,644.9199829,0.2502987385,644.9199829,0.3163584471,644.9199829,0.2202643156,644.9199829,0.1539939344,644.9199829,0.2697422802,644.9199829,0.2652437389,644.9199829,0.3491222262,644.9199829,0.3139401376,644.9199829,0.3391036987,644.9199829,0.2496002465,644.9199829,0.2378450483,644.9199829,0.305282861,644.9199829,0.2767798007,644.9199829,0.30984658,644.9199829,0.3405431509,644.9199829,0.2386142015,644.9199829,0.2051141709,644.9199829,0.2484734803,644.9199829,0.2299919277,644.9199829,0.1722751707,644.9199829,0.1118248552,644.9199829,0.3197413981,644.9199829,0.3043597937,644.9199829,0.1844249219,644.9199829,0.04964093119,644.9199829,0.1130489334,644.9199829,0.04772222042,644.9199829,0.1443126351,644.9199829,0.07573717088,
646.9500122,0.326733321,646.9500122,0.3738773465,646.9500122,0.3877663612,646.9500122,0.3261204958,646.9500122,0.3615081608,646.9500122,0.3566899002,646.9500122,0.2449779361,646.9500122,0.4230118394,646.9500122,0.3733716607,646.9500122,0.3481836319,646.9500122,0.33864218,646.9500122,0.3028811514,646.9500122,0.3120499253,646.9500122,0.2921042442,646.9500122,0.4007138014,646.9500122,0.3244161904,646.9500122,0.3933166265,646.9500122,0.2640525401,646.9500122,0.2234418392,646.9500122,0.2356024832,646.9500122,0.1966887563,646.9500122,0.2508078516,646.9500122,0.2112283856,646.9500122,0.1881885976,646.9500122,0.1956215203,646.9500122,0.1907892823,646.9500122,0.08655460924,646.9500122,0.2052636743,646.9500122,0.1021706611,646.9500122,0.08504214883,646.9500122,0.1878816336,
648.8400269,0.4451938272,648.8400269,0.4461497366,648.8400269,0.2391506732,648.8400269,0.3243309557,648.8400269,0.235446468,648.8400269,0.4594678283,648.8400269,0.4777830839,648.8400269,0.4970521033,648.8400269,0.4273504317,648.8400269,0.4180655777,648.8400269,0.3031940758,648.8400269,0.4115765989,648.8400269,0.4471464157,648.8400269,0.3723360598,648.8400269,0.4338394701,648.8400269,0.4112781584,648.8400269,0.3861352503,648.8400269,0.3543537259,648.8400269,0.3475585282,648.8400269,0.3293349147,648.8400269,0.2627803087,648.8400269,0.3474313021,648.8400269,0.23484914,648.8400269,0.2281389236,648.8400269,0.2510475218,648.8400269,0.195327431,648.8400269,0.1806911826,648.8400269,0.2307514846,648.8400269,0.09525804967,648.8400269,0.07714337856,648.8400269,0.09992838651,
650.8599854,0.5010967255,650.8599854,0.4001187384,650.8599854,0.4010663629,650.8599854,0.5023769736,650.8599854,0.6526585221,650.8599854,0.2825284302,650.8599854,0.4291711748,650.8599854,0.5021951199,650.8599854,0.4849828482,650.8599854,0.6120278239,650.8599854,0.5181775689,650.8599854,0.3782970309,650.8599854,0.4373883009,650.8599854,0.4563018084,650.8599854,0.4594803154,650.8599854,0.5602241158,650.8599854,0.4641760886,650.8599854,0.3352655768,650.8599854,0.4240902364,650.8599854,0.3240571916,650.8599854,0.3744316697,650.8599854,0.2462054491,650.8599854,0.2714031339,650.8599854,0.2807053328,650.8599854,0.2590002418,650.8599854,0.1632319838,650.8599854,0.1692802459,650.8599854,0.1598593295,650.8599854,0.1749765277,650.8599854,0.1904330105,650.8599854,0.1686582416,
652.8900146,0.6414240003,652.8900146,0.5827599168,652.8900146,0.5302993655,652.8900146,0.5756440759,652.8900146,0.7442981601,652.8900146,0.6215993762,652.8900146,0.7142553329,652.8900146,0.6741499901,652.8900146,0.6858472824,652.8900146,0.616088748,652.8900146,0.6167169213,652.8900146,0.5655161738,652.8900146,0.6731129885,652.8900146,0.7297154665,652.8900146,0.6044849157,652.8900146,0.57935673,652.8900146,0.5844270587,652.8900146,0.4710836411,652.8900146,0.3470962048,652.8900146,0.4285928905,652.8900146,0.3372597694,652.8900146,0.2789772451,652.8900146,0.2831463218,652.8900146,0.3466133773,652.8900146,0.1919512451,652.8900146,0.1433135718,652.8900146,0.17972821,652.8900146,0.1608179808,652.8900146,0.07999520004,652.8900146,0.1339123398,652.8900146,0.09646379203,
654.9199829,0.7328755856,654.9199829,0.6787348986,654.9199829,0.6240587234,654.9199829,0.8878027797,654.9199829,0.7187842131,654.9199829,0.8363893628,654.9199829,0.9862802625,654.9199829,0.9539254308,654.9199829,0.7659643292,654.9199829,0.7030230165,654.9199829,0.774443388,654.9199829,0.6418571472,654.9199829,0.8186910748,654.9199829,0.7452102304,654.9199829,0.7539476156,654.9199829,0.7226887941,654.9199829,0.6812164783,654.9199829,0.5207406282,654.9199829,0.4734615684,654.9199829,0.3442699909,654.9199829,0.4126145244,654.9199829,0.2655750215,654.9199829,0.2692550123,654.9199829,0.2173987627,654.9199829,0.2311618775,654.9199829,0.2446659207,654.9199829,0.2129354328,654.9199829,0.1427972168,654.9199829,0.08777148277,654.9199829,0.1546416581,654.9199829,0.180384472,
656.9500122,0.8306128979,656.9500122,1.083540201,656.9500122,1.151993275,656.9500122,0.856287837,656.9500122,0.9861932993,656.9500122,0.9006222486,656.9500122,1.091988206,656.9500122,1.171835065,656.9500122,1.1612463,656.9500122,1.122312546,656.9500122,1.021232963,656.9500122,0.8460053205,656.9500122,0.8348682523,656.9500122,0.8003692627,656.9500122,0.8201729655,656.9500122,0.6706907749,656.9500122,0.7089056373,656.9500122,0.6367996931,656.9500122,0.5068192482,656.9500122,0.3963451684,656.9500122,0.3524132669,656.9500122,0.3746816516,656.9500122,0.2347601503,656.9500122,0.2234368026,656.9500122,0.251304388,656.9500122,0.2273950428,656.9500122,0.2038054466,656.9500122,0.1453475058,656.9500122,0.2024030834,656.9500122,0.1588131934,656.9500122,0.1318217814,
658.8400269,0.9842418432,658.8400269,0.9069119692,658.8400269,1.065099955,658.8400269,1.231998324,658.8400269,1.219533801,658.8400269,1.146392703,658.8400269,1.194724679,658.8400269,1.398228884,658.8400269,1.289298892,658.8400269,1.203852415,658.8400269,1.136670351,658.8400269,0.9790397882,658.8400269,1.057355404,658.8400269,1.030148745,658.8400269,0.9309283495,658.8400269,0.7824851274,658.8400269,0.7096833587,658.8400269,0.6769825816,658.8400269,0.5558077097,658.8400269,0.4323128462,658.8400269,0.3640592694,658.8400269,0.3460816443,658.8400269,0.3320073783,658.8400269,0.2038909197,658.8400269,0.2092134953,658.8400269,0.142534405,658.8400269,0.2021443546,658.8400269,0.08071603626,658.8400269,0.1551293135,658.8400269,0.1209156141,658.8400269,0.1763875782,
660.8499756,1.181864977,660.8499756,1.375960469,660.8499756,1.339822769,660.8499756,1.38422668,660.8499756,1.523706317,660.8499756,1.686543822,660.8499756,1.690048337,660.8499756,1.43956852,660.8499756,1.520407677,660.8499756,1.670385003,660.8499756,1.364889383,660.8499756,1.146542192,660.8499756,1.235991359,660.8499756,1.160164237,660.8499756,0.8513640165,660.8499756,0.9178086519,660.8499756,0.7549564838,660.8499756,0.5861406326,660.8499756,0.5151433945,660.8499756,0.4107582271,660.8499756,0.2819176912,660.8499756,0.2791198492,660.8499756,0.2846011817,660.8499756,0.2064303011,660.8499756,0.2812251747,660.8499756,0.1604921669,660.8499756,0.1941424459,660.8499756,0.3034619987,660.8499756,0.1422636956,660.8499756,0.2128486484,660.8499756,0.2620646954,
662.8499756,1.482566237,662.8499756,1.67269516,662.8499756,1.607770324,662.8499756,1.738227963,662.8499756,1.723258138,662.8499756,1.766513586,662.8499756,1.84119153,662.8499756,1.635650516,662.8499756,2.0213902,662.8499756,1.725550413,662.8499756,1.55637002,662.8499756,1.379933953,662.8499756,1.374167323,662.8499756,1.411594748,662.8499756,1.329683661,662.8499756,1.020023823,662.8499756,0.8304155469,662.8499756,0.6795406938,662.8499756,0.534774065,662.8499756,0.4746539891,662.8499756,0.4602347314,662.8499756,0.3089757562,662.8499756,0.3066118658,662.8499756,0.2614236176,662.8499756,0.261975199,662.8499756,0.1558210403,662.8499756,0.2108301818,662.8499756,0.1241354942,662.8499756,0.07239884883,662.8499756,0.07683540881,662.8499756,0.1397221237,
664.8499756,2.03448391,664.8499756,1.763085365,664.8499756,1.848047614,664.8499756,1.982532263,664.8499756,1.864490032,664.8499756,2.043406963,664.8499756,2.052682877,664.8499756,2.103194714,664.8499756,1.897064805,664.8499756,1.862477422,664.8499756,1.629859447,664.8499756,1.440656543,664.8499756,1.551582575,664.8499756,1.256134629,664.8499756,1.229920983,664.8499756,1.062705874,664.8499756,0.8446030617,664.8499756,0.8327106237,664.8499756,0.5744231343,664.8499756,0.3724862337,664.8499756,0.3408732712,664.8499756,0.2799711823,664.8499756,0.3077100515,664.8499756,0.1846892536,664.8499756,0.2674123049,664.8499756,0.1768516004,664.8499756,0.2915718853,664.8499756,0.1266710013,664.8499756,0.2263711691,664.8499756,0.2408924252,664.8499756,0.2605608702,
666.8499756,1.461933136,666.8499756,1.617322922,666.8499756,1.948970914,666.8499756,1.907374263,666.8499756,1.926583409,666.8499756,1.915663123,666.8499756,2.114444256,666.8499756,2.274569511,666.8499756,2.307757616,666.8499756,2.038603067,666.8499756,2.01022172,666.8499756,1.531804562,666.8499756,1.44349575,666.8499756,1.342093229,666.8499756,1.267350674,666.8499756,1.113511801,666.8499756,0.9208103418,666.8499756,0.6994625926,666.8499756,0.4665277898,666.8499756,0.4668426216,666.8499756,0.3687336743,666.8499756,0.2959417999,666.8499756,0.2156907916,666.8499756,0.2399505824,666.8499756,0.290751785,666.8499756,0.2585297227,666.8499756,0.1360707581,666.8499756,0.1002868265,666.8499756,0.127852723,666.8499756,0.08149442822,666.8499756,0.1482811123,
668.8499756,1.859061122,668.8499756,1.842923522,668.8499756,2.187104225,668.8499756,1.816341639,668.8499756,2.291248798,668.8499756,1.945267916,668.8499756,2.202119112,668.8499756,2.199592113,668.8499756,2.298362494,668.8499756,1.959113121,668.8499756,1.898409724,668.8499756,1.633416891,668.8499756,1.585054517,668.8499756,1.446106553,668.8499756,1.134845257,668.8499756,1.040949106,668.8499756,1.102118254,668.8499756,0.7413135767,668.8499756,0.6701088548,668.8499756,0.4645000398,668.8499756,0.3414168358,668.8499756,0.4120808542,668.8499756,0.2627479434,668.8499756,0.2319888175,668.8499756,0.1891944706,668.8499756,0.1293359846,668.8499756,0.2165595889,668.8499756,0.103179656,668.8499756,0.1383303404,668.8499756,0.1189746261,668.8499756,0.116468668,
670.8499756,1.798702598,670.8499756,1.906709433,670.8499756,1.789867878,670.8499756,2.005229473,670.8499756,1.856811285,670.8499756,2.273460388,670.8499756,2.628424168,670.8499756,2.413402557,670.8499756,2.369499445,670.8499756,1.712694049,670.8499756,1.767373323,670.8499756,1.491934419,670.8499756,1.373205304,670.8499756,1.503572941,670.8499756,1.12966466,670.8499756,1.05380404,670.8499756,0.9374388456,670.8499756,0.6807255149,670.8499756,0.4293628633,670.8499756,0.3841096163,670.8499756,0.2454439551,670.8499756,0.1741219908,670.8499756,0.1692371219,670.8499756,0.2066044509,670.8499756,0.2072383761,670.8499756,0.1846608371,670.8499756,0.2346733958,670.8499756,0.1437594891,670.8499756,0.2714999914,670.8499756,0.1408530027,670.8499756,0.1521195322,
672.8499756,1.423474073,672.8499756,1.77455914,672.8499756,1.987559915,672.8499756,2.221201897,672.8499756,1.910770059,672.8499756,2.193473816,672.8499756,2.189510345,672.8499756,2.285454035,672.8499756,2.063227415,672.8499756,1.915147901,672.8499756,1.65742135,672.8499756,1.597715735,672.8499756,1.360346556,672.8499756,1.153493881,672.8499756,1.005902648,672.8499756,0.8775606751,672.8499756,0.8501855135,672.8499756,0.6669757366,672.8499756,0.4472587705,672.8499756,0.3008596599,672.8499756,0.2438152134,672.8499756,0.2819803059,672.8499756,0.231944561,672.8499756,0.197470054,672.8499756,0.1968253255,672.8499756,0.1389479935,672.8499756,0.1995370686,672.8499756,0.2354709804,672.8499756,0.0398045592,672.8499756,0.09691049159,672.8499756,0.1896047145,
674.8499756,1.260693431,674.8499756,1.572967768,674.8499756,1.915959001,674.8499756,2.071707726,674.8499756,1.877005816,674.8499756,1.876090407,674.8499756,1.946564913,674.8499756,1.887611032,674.8499756,2.054417133,674.8499756,1.713175178,674.8499756,1.598026633,674.8499756,1.287273407,674.8499756,1.3190552,674.8499756,1.202168345,674.8499756,0.9607437849,674.8499756,0.7976768613,674.8499756,0.6610319018,674.8499756,0.4783163369,674.8499756,0.4383273423,674.8499756,0.2982167602,674.8499756,0.2928874493,674.8499756,0.1767570227,674.8499756,0.1883642823,674.8499756,0.2493928522,674.8499756,0.1624327898,674.8499756,0.1167900264,674.8499756,0.1498217136,674.8499756,0.2246034294,674.8499756,0.2098455727,674.8499756,0.1881467551,674.8499756,0.1081117094,
676.8499756,1.292881489,676.8499756,1.638109207,676.8499756,1.685114622,676.8499756,1.639888167,676.8499756,1.841395617,676.8499756,1.647092462,676.8499756,2.020979881,676.8499756,1.727567434,676.8499756,1.722099066,676.8499756,1.411026001,676.8499756,1.417640209,676.8499756,1.164560795,676.8499756,1.089996457,676.8499756,0.9846837521,676.8499756,0.8637170792,676.8499756,0.7635558248,676.8499756,0.6044383049,676.8499756,0.5298953652,676.8499756,0.3156928122,676.8499756,0.2006233335,676.8499756,0.1850794256,676.8499756,0.2264479995,676.8499756,0.2099503726,676.8499756,0.1425948739,676.8499756,0.1152787581,676.8499756,0.2313643247,676.8499756,0.1127718389,676.8499756,0.2352469563,676.8499756,0.1584978104,676.8499756,0.07708466053,676.8499756,0.133844167,
678.8499756,0.8804301023,678.8499756,1.012388825,678.8499756,1.112725258,678.8499756,1.03208518,678.8499756,1.417955041,678.8499756,1.47996819,678.8499756,1.494023919,678.8499756,1.426451087,678.8499756,1.639744401,678.8499756,1.469990134,678.8499756,1.197168469,678.8499756,0.9682847261,678.8499756,1.098265409,678.8499756,0.8251814842,678.8499756,0.6423594952,678.8499756,0.7091574669,678.8499756,0.5433734059,678.8499756,0.3699969351,678.8499756,0.2883860767,678.8499756,0.2764212489,678.8499756,0.209958002,678.8499756,0.2059154958,678.8499756,0.1921367943,678.8499756,0.1174936891,678.8499756,0.1629307568,678.8499756,0.09430198371,678.8499756,0.2037314326,678.8499756,0.215293318,678.8499756,0.02231569961,678.8499756,0.1793992966,678.8499756,0.243918851,
680.8499756,0.9324265122,680.8499756,1.023896456,680.8499756,0.9722604752,680.8499756,1.203208566,680.8499756,1.360952973,680.8499756,1.335386157,680.8499756,1.302143574,680.8499756,1.123234868,680.8499756,1.265616655,680.8499756,1.169291615,680.8499756,1.101084948,680.8499756,0.9029922485,680.8499756,0.8017693162,680.8499756,0.8792024851,680.8499756,0.6434405446,680.8499756,0.5817711949,680.8499756,0.5025871396,680.8499756,0.4082596302,680.8499756,0.2915789485,680.8499756,0.2281266153,680.8499756,0.2136858404,680.8499756,0.1008770317,680.8499756,0.1775320619,680.8499756,0.07782053947,680.8499756,0.08929740638,680.8499756,0.0516567044,680.8499756,0.1362638026,680.8499756,0.1531643867,680.8499756,0.07646794617,680.8499756,0.06629227847,680.8499756,0.0326968357,
682.8499756,0.7147077322,682.8499756,0.8990982175,682.8499756,0.5075324178,682.8499756,0.9435054064,682.8499756,0.951587975,682.8499756,0.8017801642,682.8499756,1.128825188,682.8499756,1.146562338,682.8499756,1.072825074,682.8499756,0.8174959421,682.8499756,0.7901906967,682.8499756,0.664342165,682.8499756,0.7408449054,682.8499756,0.558581233,682.8499756,0.6341519952,682.8499756,0.3644881248,682.8499756,0.3120658696,682.8499756,0.2933211029,682.8499756,0.2511819601,682.8499756,0.1310753375,682.8499756,0.2556524575,682.8499756,0.1172974631,682.8499756,0.1056879982,682.8499756,0.1457634866,682.8499756,0.1131700128,682.8499756,0.06490650028,682.8499756,0.09734175354,682.8499756,-0.04318236932,682.8499756,0.06836004555,682.8499756,0.07754944265,682.8499756,0.1458848268,
684.8499756,0.6922011971,684.8499756,0.6835497618,684.8499756,0.6326034069,684.8499756,0.9039826393,684.8499756,0.6909258366,684.8499756,0.9950088859,684.8499756,0.9568666816,684.8499756,0.7311128974,684.8499756,0.8765942454,684.8499756,0.8245522976,684.8499756,0.6691350341,684.8499756,0.6326784492,684.8499756,0.614274919,684.8499756,0.4897206128,684.8499756,0.4120058417,684.8499756,0.4301118851,684.8499756,0.3221099079,684.8499756,0.3440240622,684.8499756,0.1980117559,684.8499756,0.191005066,684.8499756,0.132191509,684.8499756,0.1835601181,684.8499756,0.07001598179,684.8499756,0.02273411863,684.8499756,0.0885175094,684.8499756,0.1114471033,684.8499756,0.1047744974,684.8499756,0.1118125692,684.8499756,0.1198985502,684.8499756,0.1554681063,684.8499756,-0.009457427077,
686.8499756,0.5490365028,686.8499756,0.8030671477,686.8499756,0.6631194949,686.8499756,0.517570138,686.8499756,0.6306150556,686.8499756,0.9147183299,686.8499756,0.8779631257,686.8499756,0.6537656784,686.8499756,0.7940765023,686.8499756,0.5895658135,686.8499756,0.5817778111,686.8499756,0.5076862574,686.8499756,0.3830161989,686.8499756,0.4197572172,686.8499756,0.4692021012,686.8499756,0.3440634012,686.8499756,0.2414122522,686.8499756,0.2050328702,686.8499756,0.1765666604,686.8499756,0.1898854375,686.8499756,0.1593252569,686.8499756,0.08521129191,686.8499756,0.09230996668,686.8499756,0.09811273217,686.8499756,0.09792820364,686.8499756,0.03677524999,686.8499756,0.1126171425,686.8499756,0.01697605476,686.8499756,0.08236855268,686.8499756,0,686.8499756,0.049023211,
688.8499756,0.4610160291,688.8499756,0.5398507714,688.8499756,0.4562765956,688.8499756,0.5136529207,688.8499756,0.7671355605,688.8499756,0.511727035,688.8499756,0.4498306513,688.8499756,0.7000402212,688.8499756,0.7054501176,688.8499756,0.5215223432,688.8499756,0.3853977025,688.8499756,0.399913013,688.8499756,0.4091002941,688.8499756,0.3368254006,688.8499756,0.2888712287,688.8499756,0.3182457685,688.8499756,0.2417699546,688.8499756,0.2187619954,688.8499756,0.2006085068,688.8499756,0.08215651661,688.8499756,0.07974799722,688.8499756,0.04741302878,688.8499756,0.08285109699,688.8499756,0.1251151711,688.8499756,0.06967791915,688.8499756,0.09637054056,688.8499756,0.08734040707,688.8499756,0.08671297133,688.8499756,0.009769823402,688.8499756,-0.03653401509,688.8499756,0.1153630689,
690.8499756,0.5153734684,690.8499756,0.4135240316,690.8499756,0.4207851291,690.8499756,0.4512036443,690.8499756,0.4323809147,690.8499756,0.4558030963,690.8499756,0.5961328745,690.8499756,0.5422952771,690.8499756,0.5462907553,690.8499756,0.4381315708,690.8499756,0.4534366131,690.8499756,0.4153201282,690.8499756,0.3453733325,690.8499756,0.3125029802,690.8499756,0.3162029982,690.8499756,0.2418666035,690.8499756,0.2110595256,690.8499756,0.1375822425,690.8499756,0.1782120019,690.8499756,0.1825885475,690.8499756,0.1357827932,690.8499756,0.114681527,690.8499756,0.08689714968,690.8499756,0.09586970508,690.8499756,0.106812641,690.8499756,0.05132566765,690.8499756,0.09209205955,690.8499756,0.02586251497,690.8499756,0.1042614505,690.8499756,0.02687449567,690.8499756,-0.02514605783,
692.8499756,0.369163245,692.8499756,0.4720954597,692.8499756,0.5157203078,692.8499756,0.4791864455,692.8499756,0.6240249276,692.8499756,0.5787627697,692.8499756,0.4954843223,692.8499756,0.5027217269,692.8499756,0.4527575672,692.8499756,0.4872077405,692.8499756,0.3480455279,692.8499756,0.3702827096,692.8499756,0.3292061985,692.8499756,0.3433122635,692.8499756,0.3383916914,692.8499756,0.2122559696,692.8499756,0.2188865095,692.8499756,0.1539898813,692.8499756,0.07848459482,692.8499756,0.1511551589,692.8499756,0.1133384556,692.8499756,0.1263315082,692.8499756,0.06509823352,692.8499756,0.1061458439,692.8499756,0.09179757535,692.8499756,0.09456636757,692.8499756,0.09780668467,692.8499756,0.008773392066,692.8499756,0.09663889557,692.8499756,0.06403453648,692.8499756,-0.02437201515,
694.8499756,0.3583925068,694.8499756,0.4097151756,694.8499756,0.3703520894,694.8499756,0.4222585559,694.8499756,0.3801464438,694.8499756,0.4539264739,694.8499756,0.4602507055,694.8499756,0.5156424046,694.8499756,0.4216122627,694.8499756,0.3165646493,694.8499756,0.3427514732,694.8499756,0.325039655,694.8499756,0.2710355818,694.8499756,0.2431181073,694.8499756,0.2700251639,694.8499756,0.1851766109,694.8499756,0.1923396736,694.8499756,0.1786777824,694.8499756,0.1352447867,694.8499756,0.05522598699,694.8499756,0.07974959165,694.8499756,0.06326711178,694.8499756,0.07568017393,694.8499756,0.1159366518,694.8499756,0.02959560603,694.8499756,0.1534730941,694.8499756,0.01673570089,694.8499756,0.09591238946,694.8499756,0.009639111347,694.8499756,0.04979038239,694.8499756,0.05764922872,
696.8499756,0.2949459553,696.8499756,0.2680200338,696.8499756,0.2998176217,696.8499756,0.2895951271,696.8499756,0.4208754003,696.8499756,0.4731433094,696.8499756,0.3648409843,696.8499756,0.5882834792,696.8499756,0.3361491859,696.8499756,0.3496973515,696.8499756,0.2594649792,696.8499756,0.2814957201,696.8499756,0.2681520581,696.8499756,0.1966181695,696.8499756,0.2079747915,696.8499756,0.1577353925,696.8499756,0.1331974119,696.8499756,0.09905983508,696.8499756,0.1678649038,696.8499756,0.1520089656,696.8499756,0.1198471934,696.8499756,0.0196767766,696.8499756,0.08286324888,696.8499756,0.1105094478,696.8499756,0.07870726287,696.8499756,-0.02760581672,696.8499756,0.04849268496,696.8499756,0.06868898124,696.8499756,0.05679172277,696.8499756,0.009332624264,696.8499756,0.01629049331,
698.8499756,0.3087775707,698.8499756,0.4052980542,698.8499756,0.3270429075,698.8499756,0.5230125189,698.8499756,0.3563640714,698.8499756,0.5605974197,698.8499756,0.4541941285,698.8499756,0.3660376966,698.8499756,0.3370504379,698.8499756,0.3305612504,698.8499756,0.3099880517,698.8499756,0.2946037054,698.8499756,0.2193811089,698.8499756,0.2352328748,698.8499756,0.2661934495,698.8499756,0.1678351909,698.8499756,0.1628801078,698.8499756,0.1795208156,698.8499756,0.1218804717,698.8499756,0.07241504639,698.8499756,0.1368786544,698.8499756,0.1143964976,698.8499756,0.08190008253,698.8499756,0.04596829414,698.8499756,0.1151437014,698.8499756,0.1172094792,698.8499756,0.0581931062,698.8499756,-0.02732837945,698.8499756,-0.01947286911,698.8499756,0.07714065909,698.8499756,0.05950407684,
700.8400269,0.3628874719,700.8400269,0.2972462475,700.8400269,0.3184165061,700.8400269,0.4270338714,700.8400269,0.3357518315,700.8400269,0.3401110172,700.8400269,0.4317789376,700.8400269,0.3717472255,700.8400269,0.4080347121,700.8400269,0.3071847856,700.8400269,0.2453206182,700.8400269,0.283813417,700.8400269,0.2070690244,700.8400269,0.2334696054,700.8400269,0.2701375484,700.8400269,0.1434904039,700.8400269,0.1241847202,700.8400269,0.1396081895,700.8400269,0.1352309138,700.8400269,0.05222998187,700.8400269,0.07080040127,700.8400269,0.05516754463,700.8400269,-0.0132701667,700.8400269,0.06200973317,700.8400269,0.01843793876,700.8400269,0.0993880555,700.8400269,0.1217591763,700.8400269,0.09024211764,700.8400269,0.07714337856,700.8400269,0.009635117836,700.8400269,0.1206012815,
702.9500122,0.2291354686,702.9500122,0.3354391456,702.9500122,0.2193285376,702.9500122,0.3024049997,702.9500122,0.2915902138,702.9500122,0.2107713372,702.9500122,0.2335639447,702.9500122,0.3655471802,702.9500122,0.371001929,702.9500122,0.2766060233,702.9500122,0.3072182834,702.9500122,0.283842802,702.9500122,0.2625175118,702.9500122,0.1174620017,702.9500122,0.09732081741,702.9500122,0.1876240969,702.9500122,0.1598837227,702.9500122,0.1173775047,702.9500122,0.09546721727,702.9500122,0.09364391863,702.9500122,-0.0098192757,702.9500122,0.04702286422,702.9500122,0.01874754019,702.9500122,0.04731320217,702.9500122,0.05410409719,702.9500122,0.09323140234,702.9500122,0.01607949659,702.9500122,0.02734282427,702.9500122,0,702.9500122,0.05568031967,702.9500122,0.03239810839,
704.9199829,0.1995685399,704.9199829,0.3159779608,704.9199829,0.4002739787,704.9199829,0.20451352,704.9199829,0.2976367474,704.9199829,0.3013165295,704.9199829,0.3803037107,704.9199829,0.3155095577,704.9199829,0.3284142613,704.9199829,0.377792865,704.9199829,0.36519593,704.9199829,0.2718828917,704.9199829,0.201949209,704.9199829,0.2437578589,704.9199829,0.2894542217,704.9199829,0.1984956115,704.9199829,0.1514336616,704.9199829,0.1178053766,704.9199829,0.09165062755,704.9199829,0.03681308776,704.9199829,0.09966219962,704.9199829,0.09242358059,704.9199829,0.04469359294,704.9199829,0.04663091898,704.9199829,0.06975405663,704.9199829,0.02201996557,704.9199829,0.03318152949,704.9199829,0.04178331047,704.9199829,-0.009297568351,704.9199829,0.05637614056,704.9199829,0.04019696638,
706.9000244,0.2721590102,706.9000244,0.3495563269,706.9000244,0.3688643277,706.9000244,0.3328019977,706.9000244,0.3026220798,706.9000244,0.2496151775,706.9000244,0.2192567885,706.9000244,0.3591624498,706.9000244,0.3430889845,706.9000244,0.2565612793,706.9000244,0.2742209136,706.9000244,0.2981849611,706.9000244,0.2553752363,706.9000244,0.2651511431,706.9000244,0.3430673778,706.9000244,0.2124243677,706.9000244,0.1152748838,706.9000244,0.1814429313,706.9000244,0.07238133997,706.9000244,0.1453164369,706.9000244,0.07650974393,706.9000244,0.0892066732,706.9000244,0.007945084013,706.9000244,0.0394744277,706.9000244,0.04730480909,706.9000244,0.0286297109,706.9000244,0.04825944453,706.9000244,0.04649303108,706.9000244,-0.02841474116,706.9000244,0.02732315101,706.9000244,0.09162291884,
708.8699951,0.2372803986,708.8699951,0.247564286,708.8699951,0.3272443414,708.8699951,0.3786288798,708.8699951,0.2819283903,708.8699951,0.3791349232,708.8699951,0.2992348075,708.8699951,0.3555999398,708.8699951,0.2174400985,708.8699951,0.30521065,708.8699951,0.2466412038,708.8699951,0.2448472679,708.8699951,0.2450050116,708.8699951,0.197215721,708.8699951,0.2213574201,708.8699951,0.1951497346,708.8699951,0.1682768464,708.8699951,0.1217530593,708.8699951,0.1309365779,708.8699951,0.1327809542,708.8699951,0.06550008804,708.8699951,0.0589572452,708.8699951,0.08067668974,708.8699951,0.06209601834,708.8699951,0.08192788064,708.8699951,0.06800510734,708.8699951,0.08237028867,708.8699951,0.09749007225,708.8699951,0.08231656998,708.8699951,0.008977144025,708.8699951,-0.01928677596,
710.8400269,0.2566052973,710.8400269,0.3709963262,710.8400269,0.3009279966,710.8400269,0.2083728015,710.8400269,0.3178583384,710.8400269,0.30523476,710.8400269,0.434779346,710.8400269,0.2421142608,710.8400269,0.3731479943,710.8400269,0.2678077817,710.8400269,0.2310606539,710.8400269,0.2911939919,710.8400269,0.2511751354,710.8400269,0.2180398107,710.8400269,0.1711530387,710.8400269,0.07056166977,710.8400269,0.08440159261,710.8400269,0.1071151197,710.8400269,0.1416851431,710.8400269,0.09817878157,710.8400269,0.07048777491,710.8400269,0.039616514,710.8400269,0.006292870268,710.8400269,0.04684910551,710.8400269,0.04111576453,710.8400269,0.03743607923,710.8400269,0.008162598126,710.8400269,0.06742690504,710.8400269,-0.01913509332,710.8400269,0.0108538745,710.8400269,0.08797325194,
712.9500122,0.1956691891,712.9500122,0.2718415856,712.9500122,0.2548503578,712.9500122,0.150477767,712.9500122,0.1830267608,712.9500122,0.3543831706,712.9500122,0.3477106392,712.9500122,0.3465617895,712.9500122,0.3149872422,712.9500122,0.3030881882,712.9500122,0.2641024292,712.9500122,0.2636253834,712.9500122,0.2404444814,712.9500122,0.2285271436,712.9500122,0.1840045899,712.9500122,0.1442770213,712.9500122,0.1688694209,712.9500122,0.1119188964,712.9500122,0.07389812171,712.9500122,0.1331741512,712.9500122,0.05978358164,712.9500122,-0.006841021124,712.9500122,0.08117390424,712.9500122,0.0560211502,712.9500122,0.0132048931,712.9500122,-0.01455667615,712.9500122,0.09564801306,712.9500122,0,712.9500122,0.06436248869,712.9500122,0.05571185797,712.9500122,0,
714.9199829,0.2445408553,714.9199829,0.2430534512,714.9199829,0.2948431969,714.9199829,0.3224701285,714.9199829,0.2294873595,714.9199829,0.2907399237,714.9199829,0.1663264483,714.9199829,0.1988117099,714.9199829,0.2542200685,714.9199829,0.3455299437,714.9199829,0.3278300166,714.9199829,0.2067641467,714.9199829,0.1736679077,714.9199829,0.187015757,714.9199829,0.078125,714.9199829,0.1931287795,714.9199829,0.04653399438,714.9199829,0.1376487762,714.9199829,0.07721523196,714.9199829,0.07796698809,714.9199829,0.1063762903,714.9199829,0.045883663,714.9199829,0.1013736129,714.9199829,0.07563372701,714.9199829,0.01982474886,714.9199829,0.02843473852,714.9199829,-0.008940305561,714.9199829,0.03512068465,714.9199829,0.04793864116,714.9199829,0.05547080934,714.9199829,0.02485645376,
716.9000244,0.2167749107,716.9000244,0.1779647321,716.9000244,0.3096227646,716.9000244,0.3040573895,716.9000244,0.3488835692,716.9000244,0.2044864446,716.9000244,0.2193659395,716.9000244,0.2911941409,716.9000244,0.1981293261,716.9000244,0.4190051258,716.9000244,0.3355452716,716.9000244,0.2260142416,716.9000244,0.1958175004,716.9000244,0.1707616597,716.9000244,0.1425103247,716.9000244,0.1813647747,716.9000244,0.1824604869,716.9000244,0.1310701966,716.9000244,0.08084364235,716.9000244,-0.004598673899,716.9000244,0.03988970816,716.9000244,0.06236216798,716.9000244,0.02049530298,716.9000244,0.06828929484,716.9000244,0.0426189974,716.9000244,0.04509006441,716.9000244,0.04793787375,716.9000244,0.09004385024,716.9000244,0.1145191118,716.9000244,0.08595906198,716.9000244,0.06014727429,

